ObjectId,Status,FailureReason
paul.whitfield@isaiahherard26gmail.onmicrosoft.com,Success,
susan.alden@isaiahherard26gmail.onmicrosoft.com,Success,
kevin.doyle@isaiahherard26gmail.onmicrosoft.com,Success,
monica.frey@isaiahherard26gmail.onmicrosoft.com,Success,
andre.okafor@isaiahherard26gmail.onmicrosoft.com,Success,
brian.halvorsen@isaiahherard26gmail.onmicrosoft.com,Success,
elena.vasquez@isaiahherard26gmail.onmicrosoft.com,Success,
wesley.chu@isaiahherard26gmail.onmicrosoft.com,Success,
grace.lin@isaiahherard26gmail.onmicrosoft.com,Success,
sandra.mills@isaiahherard26gmail.onmicrosoft.com,Success,
tyler.reeves@isaiahherard26gmail.onmicrosoft.com,Success,
jamal.carter@isaiahherard26gmail.onmicrosoft.com,Success,
hannah.delgado@isaiahherard26gmail.onmicrosoft.com,Success,
beatrice.nguyen@isaiahherard26gmail.onmicrosoft.com,Success,
roman.petrov@isaiahherard26gmail.onmicrosoft.com,Success,
